Workbook

Sheet score
A1: order_id | B1: customer_id | C1: product | D1: 申请时间 | E1: 尾号 | F1: 渠道 | G1: 渠道组 | H1: label | I1: sdc1_score | J1: PHLSY_3002_score_ice | K1: PHLSY_3002_score_ice2 | L1: PHLSY_3002_score_base001 | M1: PHLSY_3002_score_base002 | N1: PHLSY_3001_PHLSY_3001 | O1: PHLSY2016_PHLSY2016 | P1: PHLSY2017_PHLSY2017 | Q1: PHLSY2018_PHLSY2018 | R1: PHLSY_2024_PHLSY_2024 | S1: PHLSY_2025_score_v1 | T1: SF_MODEL_SCORE_ice_repayment_ability_score_v1 | U1: SF_MODEL_SCORE_ice_repayment_ability_score_v2 | V1: SF_MODEL_SCORE_ice_repayment_ability_score_v3 | W1: SF_MODEL_SCORE_ice_repayment_ability_score_v4 | X1: SF_MODEL_SCORE_ice_repayment_ability_score_v5 | Y1: SF_MODEL_SCORE_ice_repayment_ability_score_v6 | Z1: SF_MODEL_SCORE_ice_repayment_ability_score_v7 | AA1: SF_MODEL_SCORE_ice_repayment_ability_score_v8 | AB1: SF_MODEL_SCORE_ice_repayment_ability_score_v9 | AC1: SF_MODEL_SCORE_PHLSY2016_score | AD1: SF_MODEL_SCORE_PHLSY2024_score | AE1: SF_MODEL_SCORE_PHLSY3001_score | AF1: SF_MODEL_SCORE_PHLSY3002_score_ice | AG1: SF_MODEL_SCORE_PHLSY3002_score_ice2 | AH1: SF_MODEL_SCORE_PHLSY3002_score_base001 | AI1: SF_MODEL_SCORE_PHLSY3002_score_base002 | AJ1: SF_MODEL_SCORE_ice_repayment_ability_score_v10 | AK1: SF_MODEL_SCORE_dyna_sdc1_score | AL1: SF_MODEL_SCORE_dyna_sdc1_amlba_score
A2: 16 | B2: 22 | C2: oceanidfund | D2: 46106.863 | E2: 2 | F2: Apple Search Ads | G2: ASA | H2: 1 | I2: =VLOOKUP(A2,[1]模型分!$A:$T,20,FALSE) -> 696 | J2: 0.52284734 | K2: 0.47074762 | L2: 0.84721627 | M2: 0.67642279 | N2: 0.526972 | O2: 0.450867 | P2: 0.733568 | Q2: 0.597206 | R2: 0.50251 | S2: 501.96575 | T2: 432 | U2: 670 | V2: 689 | W2: 473 | X2: 444 | Y2: 517 | Z2: 416 | AA2: 465 | AB2: 501 | AC2: 0.450867 | AD2: 0.50251 | AE2: 0.526972 | AF2: 0.52284734 | AG2: 0.47074762 | AH2: 0.84721627 | AI2: 0.67642279
A3: 20 | B3: 30 | C3: oceanidfund | D3: 46107.639 | E3: 0 | F3: Apple Search Ads | G3: ASA | H3: 1 | I3: =VLOOKUP(A3,[1]模型分!$A:$T,20,FALSE) -> 769 | J3: 0.65921541 | K3: 0.68357923 | L3: 0.73756026 | M3: 0.67514977 | N3: 0.650145 | O3: 0.491587 | P3: 0.73913 | Q3: 0.500039 | R3: 0.546918 | S3: 524.08922 | T3: 446 | U3: 474 | V3: 542 | W3: 519 | X3: 496 | Y3: 434 | Z3: 442 | AA3: 523 | AB3: 503 | AC3: 0.491587 | AD3: 0.546918 | AE3: 0.650145 | AF3: 0.65921541 | AG3: 0.68357923 | AH3: 0.73756026 | AI3: 0.67514977
A4: 23 | B4: 35 | C4: oceanidfund | D4: 46107.847 | E4: 5 | F4: Apple Search Ads | G4: ASA | H4: 0 | I4: =VLOOKUP(A4,[1]模型分!$A:$T,20,FALSE) -> 699 | J4: 0.52284734 | K4: 0.47074762 | L4: 0.60294086 | M4: 0.67514977 | N4: 0.528217 | O4: 0.411008 | P4: 0.630034 | Q4: 0.396925 | R4: 0.330383 | S4: 582.24324 | T4: 432 | U4: 670 | V4: 686 | W4: 473 | X4: 444 | Y4: 519 | Z4: 416 | AA4: 465 | AB4: 501 | AC4: 0.411008 | AD4: 0.330383 | AE4: 0.528217 | AF4: 0.52284734 | AG4: 0.47074762 | AH4: 0.60294086 | AI4: 0.67514977
A5: 32 | B5: 48 | C5: topbetpeso | D5: 46061.483 | E5: 8 | F5: Apple Search Ads | G5: ASA | H5: 0 | I5: =VLOOKUP(A5,[1]模型分!$A:$T,20,FALSE) -> 582 | J5: 0.79416579 | K5: 0.70559745 | L5: 0.88707747 | M5: 0.67656439 | N5: 0.708581 | O5: 0.373235 | P5: 0.708287 | Q5: 0.454796 | R5: 0.5159 | S5: 486.14419
A6: 35 | B6: 51 | C6: oceanidfund | D6: 46109.191 | E6: 1 | F6: Apple Search Ads | G6: ASA | H6: 1 | I6: =VLOOKUP(A6,[1]模型分!$A:$T,20,FALSE) -> 694 | J6: 0.63547248 | K6: 0.78168651 | L6: 0.82943513 | M6: 0.70035266 | N6: 0.644336 | O6: 0.545183 | P6: 0.716341 | Q6: 0.480057 | R6: 0.562771 | S6: 537.41328 | T6: 432 | U6: 553 | V6: 428 | W6: 465 | X6: 365 | Y6: 470 | Z6: 405 | AA6: 432 | AB6: 389 | AC6: 0.545183 | AD6: 0.562771 | AE6: 0.644336 | AF6: 0.63547248 | AG6: 0.78168651 | AH6: 0.82943513 | AI6: 0.70035266
A7: 41 | B7: 63 | C7: oceanidfund | D7: 46109.482 | E7: 3 | F7: Apple Search Ads | G7: ASA | H7: 0 | I7: =VLOOKUP(A7,[1]模型分!$A:$T,20,FALSE) -> 726 | J7: 0.18668092 | K7: 0.24990399 | L7: 0.85276663 | M7: 0.67656439 | N7: 0.54217 | O7: 0.549345 | P7: 0.713099 | Q7: 0.572406 | R7: 0.554041 | S7: 533.75024 | T7: 694 | U7: 591 | V7: 643 | W7: 640 | X7: 482 | Y7: 539 | Z7: 588 | AA7: 716 | AB7: 732 | AC7: 0.549345 | AD7: 0.554041 | AE7: 0.54217 | AF7: 0.18668092 | AG7: 0.24990399 | AH7: 0.85276663 | AI7: 0.67656439
A8: 43 | B8: 63 | C8: topbetpeso | D8: 46061.939 | E8: 3 | F8: Apple Search Ads | G8: ASA | H8: 1 | I8: =VLOOKUP(A8,[1]模型分!$A:$T,20,FALSE) -> 413 | J8: 0.66623764 | K8: 0.58768148 | L8: 0.8026366 | M8: 0.67642279 | N8: 0.658945 | O8: 0.441296 | P8: 0.715776 | Q8: 0.495035 | R8: 0.531049 | S8: 488.54679
A9: 45 | B9: 68 | C9: oceanidfund | D9: 46109.55 | E9: 8 | F9: Apple Search Ads | G9: ASA | H9: 1 | I9: =VLOOKUP(A9,[1]模型分!$A:$T,20,FALSE) -> 707 | J9: 0.55176611 | K9: 0.33802714 | L9: 0.83455661 | M9: 0.67537235 | N9: 0.654384 | O9: 0.419812 | P9: 0.59177 | Q9: 0.398912 | R9: 0.557472 | S9: 542.54166 | T9: 634 | U9: 503 | V9: 542 | W9: 583 | X9: 522 | Y9: 523 | Z9: 578 | AA9: 627 | AB9: 629 | AC9: 0.419812 | AD9: 0.557472 | AE9: 0.654384 | AF9: 0.55176611 | AG9: 0.33802714 | AH9: 0.83455661 | AI9: 0.67537235
A10: 49 | B10: 74 | C10: oceanidfund | D10: 46109.602 | E10: 4 | F10: Apple Search Ads | G10: ASA | H10: 1 | I10: =VLOOKUP(A10,[1]模型分!$A:$T,20,FALSE) -> 0 | J10: 0.80241463 | K10: 0.88152338 | L10: 0.81691776 | M10: 0.84134549 | N10: 0.552371 | O10: 0.825475 | P10: 0.690701 | Q10: 0.408728 | R10: 0.333727 | S10: 566.77546 | T10: 441 | U10: 479 | V10: 428 | W10: 464 | X10: 380 | Y10: 418 | Z10: 413 | AA10: 436 | AB10: 401 | AC10: 0.825475 | AD10: 0.333727 | AE10: 0.552371 | AF10: 0.80241463 | AG10: 0.88152338 | AH10: 0.81691776 | AI10: 0.84134549
A11: 54 | B11: 70 | C11: topbetpeso | D11: 46062.364 | E11: 0 | F11: Apple Search Ads | G11: ASA | H11: 0 | I11: =VLOOKUP(A11,[1]模型分!$A:$T,20,FALSE) -> 0 | J11: 0.37227994 | K11: 0.52903322 | L11: 0.76007063 | M11: 0.67642279 | N11: 0.522913 | O11: 0.546766 | P11: 0.729614 | Q11: 0.466184 | R11: 0.405534 | S11: 581.62384
A12: 56 | B12: 84 | C12: oceanidfund | D12: 46109.833 | E12: 4 | F12: Apple Search Ads | G12: ASA | H12: 1 | I12: =VLOOKUP(A12,[1]模型分!$A:$T,20,FALSE) -> 643 | J12: 0.67804276 | K12: 0.52895809 | L12: 0.79130846 | M12: 0.67642279 | N12: 0.421482 | O12: 0.401659 | P12: 0.702751 | Q12: 0.453736 | R12: 0.506222 | S12: 545.05858 | T12: 498 | U12: 646 | V12: 646 | W12: 549 | X12: 538 | Y12: 614 | Z12: 451 | AA12: 560 | AB12: 570 | AC12: 0.401659 | AD12: 0.506222 | AE12: 0.421482 | AF12: 0.67804276 | AG12: 0.52895809 | AH12: 0.79130846 | AI12: 0.67642279
A13: 61 | B13: 94 | C13: oceanidfund | D13: 46109.919 | E13: 4 | F13: Apple Search Ads | G13: ASA | H13: 1 | I13: =VLOOKUP(A13,[1]模型分!$A:$T,20,FALSE) -> 0 | J13: 0.75260189 | K13: 0.82257358 | L13: 0.83096885 | M13: 0.67514977 | N13: 0.676578 | O13: 0.505922 | P13: 0.729412 | Q13: 0.544457 | R13: 0.478032 | S13: 545.88638 | T13: 431 | U13: 464 | V13: 529 | W13: 503 | X13: 521 | Y13: 437 | Z13: 410 | AA13: 502 | AB13: 521 | AC13: 0.505922 | AD13: 0.478032 | AE13: 0.676578 | AF13: 0.75260189 | AG13: 0.82257358 | AH13: 0.83096885 | AI13: 0.67514977
A14: 62 | B14: 92 | C14: topbetpeso | D14: 46062.644 | E14: 2 | F14: Apple Search Ads | G14: ASA | H14: 1 | I14: =VLOOKUP(A14,[1]模型分!$A:$T,20,FALSE) -> 707 | J14: 0.553777 | K14: 0.42270677 | L14: 0.89997203 | M14: 0.67656439 | N14: 0.58653 | O14: 0.44639 | P14: 0.609435 | Q14: 0.407147 | R14: 0.43086 | S14: 500.75757
A15: 71 | B15: 107 | C15: oceanidfund | D15: 46110.158 | E15: 7 | F15: Apple Search Ads | G15: ASA | H15: 1 | I15: =VLOOKUP(A15,[1]模型分!$A:$T,20,FALSE) -> 0 | J15: 0.63303754 | K15: 0.67060419 | L15: 0.83081002 | M15: 0.67656439 | N15: 0.602978 | O15: 0.549574 | P15: 0.753642 | Q15: 0.462345 | R15: 0.476884 | S15: 536.32435 | T15: 452 | U15: 641 | V15: 615 | W15: 529 | X15: 498 | Y15: 542 | Z15: 424 | AA15: 483 | AB15: 498 | AC15: 0.549574 | AD15: 0.476884 | AE15: 0.602978 | AF15: 0.63303754 | AG15: 0.67060419 | AH15: 0.83081002 | AI15: 0.67656439
A16: 74 | B16: 110 | C16: topbetpeso | D16: 46063.513 | E16: 0 | F16: Apple Search Ads | G16: ASA | H16: 1 | I16: =VLOOKUP(A16,[1]模型分!$A:$T,20,FALSE) -> 556 | J16: 0.71652112 | K16: 0.54124831 | L16: 0.86797505 | M16: 0.67514977 | N16: 0.662404 | O16: 0.380424 | P16: 0.663369 | Q16: 0.318449 | R16: 0.495541 | S16: 548.31196
A17: 77 | B17: 116 | C17: topbetpeso | D17: 46063.644 | E17: 6 | F17: Apple Search Ads | G17: ASA | H17: 0 | I17: =VLOOKUP(A17,[1]模型分!$A:$T,20,FALSE) -> 0 | J17: 0.553777 | K17: 0.42270677 | L17: 0.899997 | M17: 0.79475316 | N17: 0.642268 | O17: 0.574802 | P17: 0.722646 | Q17: 0.499964 | R17: 0.548716 | S17: 499.35641
A18: 78 | B18: 115 | C18: oceanidfund | D18: 46110.296 | E18: 5 | F18: Apple Search Ads | G18: ASA | H18: 1 | I18: =VLOOKUP(A18,[1]模型分!$A:$T,20,FALSE) -> 0 | J18: -999 | K18: -999 | L18: 0.79470721 | M18: 0.67728385 | N18: 0.559112 | O18: 0.431389 | P18: 0.744909 | Q18: 0.499685 | R18: 0.408756 | S18: 507.90421 | T18: -1 | U18: -1 | V18: -1 | W18: -1 | X18: -1 | Y18: -1 | Z18: -1 | AA18: -1 | AB18: -1 | AC18: 0.431389 | AD18: 0.408756 | AE18: 0.559112 | AF18: -999 | AG18: -999 | AH18: 0.79470721 | AI18: 0.67728385
A19: 80 | B19: 117 | C19: oceanidfund | D19: 46110.323 | E19: 7 | F19: Apple Search Ads | G19: ASA | H19: 1 | I19: =VLOOKUP(A19,[1]模型分!$A:$T,20,FALSE) -> 710 | J19: 0.47735029 | K19: 0.35281238 | L19: 0.73549641 | M19: 0.67514977 | N19: 0.445654 | O19: 0.325453 | P19: 0.519088 | Q19: 0.432831 | R19: 0.32364 | S19: 597.84724 | T19: 702 | U19: 812 | V19: 721 | W19: 687 | X19: 563 | Y19: 596 | Z19: 579 | AA19: 721 | AB19: 756 | AC19: 0.325453 | AD19: 0.32364 | AE19: 0.445654 | AF19: 0.47735029 | AG19: 0.35281238 | AH19: 0.73549641 | AI19: 0.67514977
A20: 80 | B20: 123 | C20: topbetpeso | D20: 46063.877 | E20: 3 | F20: Apple Search Ads | G20: ASA | H20: 1 | I20: =VLOOKUP(A20,[1]模型分!$A:$T,20,FALSE) -> 710 | J20: 0.63641848 | K20: 0.5348972 | L20: 0.87900889 | M20: 0.70608932 | N20: 0.510471 | O20: 0.631999 | P20: 0.745119 | Q20: 0.551413 | R20: 0.500154 | S20: 499.62783
A21: 82 | B21: 117 | C21: topbetpeso | D21: 46063.944 | E21: 7 | F21: Apple Search Ads | G21: ASA | H21: 1 | I21: =VLOOKUP(A21,[1]模型分!$A:$T,20,FALSE) -> 427 | J21: 0.85954101 | K21: 0.83282634 | L21: 0.81510166 | M21: 0.70104258 | N21: 0.639595 | O21: 0.548853 | P21: 0.768356 | Q21: 0.47758 | R21: 0.54929 | S21: 549.54204
A22: 83 | B22: 122 | C22: oceanidfund | D22: 46110.36 | E22: 2 | F22: Apple Search Ads | G22: ASA | H22: 0 | I22: =VLOOKUP(A22,[1]模型分!$A:$T,20,FALSE) -> 0 | J22: 0.66477239 | K22: 0.81803209 | L22: 0.86943111 | M22: 0.67707045 | N22: 0.574326 | O22: 0.395429 | P22: 0.622519 | Q22: 0.425344 | R22: 0.482519 | S22: 548.8117 | T22: 429 | U22: 422 | V22: 418 | W22: 451 | X22: 397 | Y22: 432 | Z22: 427 | AA22: 487 | AB22: 484 | AC22: 0.395429 | AD22: 0.482519 | AE22: 0.574326 | AF22: 0.66477239 | AG22: 0.81803209 | AH22: 0.86943111 | AI22: 0.67707045
A23: 86 | B23: 128 | C23: oceanidfund | D23: 46110.399 | E23: 8 | F23: Apple Search Ads | G23: ASA | H23: 1 | I23: =VLOOKUP(A23,[1]模型分!$A:$T,20,FALSE) -> 0 | J23: -999 | K23: -999 | L23: 0.79936789 | M23: 0.67728385 | N23: 0.637072 | O23: 0.422589 | P23: 0.621682 | Q23: 0.489063 | R23: 0.479769 | S23: 517.56447 | T23: -1 | U23: -1 | V23: -1 | W23: -1 | X23: -1 | Y23: -1 | Z23: -1 | AA23: -1 | AB23: -1 | AC23: 0.422589 | AD23: 0.479769 | AE23: 0.637072 | AF23: -999 | AG23: -999 | AH23: 0.79936789 | AI23: 0.67728385
A24: 97 | B24: 146 | C24: oceanidfund | D24: 46110.484 | E24: 6 | F24: Apple Search Ads | G24: ASA | H24: 1 | I24: =VLOOKUP(A24,[1]模型分!$A:$T,20,FALSE) -> 0 | J24: -999 | K24: -999 | L24: 0.75607765 | M24: 0.67671704 | N24: 0.671867 | O24: 0.40601 | P24: 0.613398 | Q24: 0.489835 | R24: 0.523602 | S24: 528.01007 | T24: -1 | U24: -1 | V24: -1 | W24: -1 | X24: -1 | Y24: -1 | Z24: -1 | AA24: -1 | AB24: -1 | AC24: 0.40601 | AD24: 0.523602 | AE24: 0.671867 | AF24: -999 | AG24: -999 | AH24: 0.75607765 | AI24: 0.67671704
A25: 100 | B25: 147 | C25: oceanidfund | D25: 46110.489 | E25: 7 | F25: Apple Search Ads | G25: ASA | H25: 0 | I25: =VLOOKUP(A25,[1]模型分!$A:$T,20,FALSE) -> 895 | J25: 0.67337048 | K25: 0.68589919 | L25: 0.84563309 | M25: 0.67642279 | N25: 0.647337 | O25: 0.489971 | P25: 0.60362 | Q25: 0.44141 | R25: 0.472422 | S25: 538.03074 | T25: 457 | U25: 571 | V25: 560 | W25: 530 | X25: 513 | Y25: 530 | Z25: 516 | AA25: 617 | AB25: 617 | AC25: 0.489971 | AD25: 0.472422 | AE25: 0.647337 | AF25: 0.67337048 | AG25: 0.68589919 | AH25: 0.84563309 | AI25: 0.67642279
A26: 102 | B26: 149 | C26: oceanidfund | D26: 46110.5 | E26: 9 | F26: Apple Search Ads | G26: ASA | H26: 0 | I26: =VLOOKUP(A26,[1]模型分!$A:$T,20,FALSE) -> 638 | J26: 0.75461426 | K26: 0.71530209 | L26: 0.80250068 | M26: 0.67642279 | N26: 0.594969 | O26: 0.438984 | P26: 0.641853 | Q26: 0.494921 | R26: 0.550124 | S26: 488.10187 | T26: 446 | U26: 600 | V26: 573 | W26: 509 | X26: 377 | Y26: 426 | Z26: 392 | AA26: 456 | AB26: 421 | AC26: 0.438984 | AD26: 0.550124 | AE26: 0.594969 | AF26: 0.75461426 | AG26: 0.71530209 | AH26: 0.80250068 | AI26: 0.67642279
A27: 109 | B27: 160 | C27: oceanidfund | D27: 46110.554 | E27: 0 | F27: Apple Search Ads | G27: ASA | H27: 0 | I27: =VLOOKUP(A27,[1]模型分!$A:$T,20,FALSE) -> 723 | J27: 0.44699432 | K27: 0.21602163 | L27: 0.87370868 | M27: 0.67642279 | N27: 0.494667 | O27: 0.540884 | P27: 0.66843 | Q27: 0.44141 | R27: 0.400218 | S27: 555.02798 | T27: 670 | U27: 710 | V27: 666 | W27: 634 | X27: 575 | Y27: 635 | Z27: 570 | AA27: 712 | AB27: 740 | AC27: 0.540884 | AD27: 0.400218 | AE27: 0.494667 | AF27: 0.44699432 | AG27: 0.21602163 | AH27: 0.87370868 | AI27: 0.67642279
A28: 113 | B28: 163 | C28: oceanidfund | D28: 46110.57 | E28: 3 | F28: Apple Search Ads | G28: ASA | H28: 0 | I28: =VLOOKUP(A28,[1]模型分!$A:$T,20,FALSE) -> 660 | J28: 0.1905754 | K28: 0.21889625 | L28: 0.80044382 | M28: 0.67728385 | N28: 0.701897 | O28: 0.590545 | P28: 0.686922 | Q28: 0.555442 | R28: 0.561703 | S28: 498.1903 | T28: 673 | U28: 559 | V28: 621 | W28: 615 | X28: 557 | Y28: 605 | Z28: 578 | AA28: 670 | AB28: 698 | AC28: 0.590545 | AD28: 0.561703 | AE28: 0.701897 | AF28: 0.1905754 | AG28: 0.21889625 | AH28: 0.80044382 | AI28: 0.67728385
A29: 119 | B29: 171 | C29: topbetpeso | D29: 46064.331 | E29: 1 | F29: Apple Search Ads | G29: ASA | H29: 1 | I29: =VLOOKUP(A29,[1]模型分!$A:$T,20,FALSE) -> 566 | J29: 0.78674745 | K29: 0.70559745 | L29: 0.92244771 | M29: 0.67671704 | N29: 0.532635 | O29: 0.49086 | P29: 0.678117 | Q29: 0.478713 | R29: 0.554121 | S29: 504.85372
A30: 122 | B30: 170 | C30: topbetpeso | D30: 46064.337 | E30: 0 | F30: Apple Search Ads | G30: ASA | H30: 1 | I30: =VLOOKUP(A30,[1]模型分!$A:$T,20,FALSE) -> 579 | J30: 0.58217164 | K30: 0.58860033 | L30: 0.89079108 | M30: 0.67604285 | N30: 0.529322 | O30: 0.41701 | P30: 0.639638 | Q30: 0.3941 | R30: 0.366651 | S30: 517.95142
A31: 124 | B31: 177 | C31: oceanidfund | D31: 46110.688 | E31: 7 | F31: Apple Search Ads | G31: ASA | H31: 0 | I31: =VLOOKUP(A31,[1]模型分!$A:$T,20,FALSE) -> 768 | J31: 0.62107567 | K31: 0.50302193 | L31: 0.76049614 | M31: 0.67671704 | N31: 0.63892 | O31: 0.453218 | P31: 0.733911 | Q31: 0.551905 | R31: 0.562103 | S31: 510.44508 | T31: 432 | U31: 599 | V31: 625 | W31: 468 | X31: 444 | Y31: 518 | Z31: 414 | AA31: 463 | AB31: 499 | AC31: 0.453218 | AD31: 0.562103 | AE31: 0.63892 | AF31: 0.62107567 | AG31: 0.50302193 | AH31: 0.76049614 | AI31: 0.67671704
A32: 128 | B32: 179 | C32: topbetpeso | D32: 46064.357 | E32: 9 | F32: Apple Search Ads | G32: ASA | H32: 1 | I32: =VLOOKUP(A32,[1]模型分!$A:$T,20,FALSE) -> 0 | J32: 0.5850145 | K32: 0.64099192 | L32: 0.88400607 | M32: 0.67656439 | N32: 0.610738 | O32: 0.434569 | P32: 0.588756 | Q32: 0.34084 | R32: 0.525399 | S32: 553.89244
A33: 132 | B33: 187 | C33: oceanidfund | D33: 46110.775 | E33: 7 | F33: Apple Search Ads | G33: ASA | H33: 0 | I33: =VLOOKUP(A33,[1]模型分!$A:$T,20,FALSE) -> 660 | J33: 0.67115989 | K33: 0.56497548 | L33: 0.81584408 | M33: 0.67537235 | N33: 0.596322 | O33: 0.54499 | P33: 0.778694 | Q33: 0.537991 | R33: 0.43458 | S33: 543.69603 | T33: 632 | U33: 529 | V33: 604 | W33: 593 | X33: 567 | Y33: 604 | Z33: 532 | AA33: 608 | AB33: 649 | AC33: 0.54499 | AD33: 0.43458 | AE33: 0.596322 | AF33: 0.67115989 | AG33: 0.56497548 | AH33: 0.81584408 | AI33: 0.67537235
A34: 142 | B34: 204 | C34: oceanidfund | D34: 46110.91 | E34: 4 | F34: Apple Search Ads | G34: ASA | H34: 1 | I34: =VLOOKUP(A34,[1]模型分!$A:$T,20,FALSE) -> 741 | J34: 0.3122118 | K34: 0.26856713 | L34: 0.85588524 | M34: 0.67514977 | N34: 0.627377 | O34: 0.350566 | P34: 0.654635 | Q34: 0.544457 | R34: 0.463947 | S34: 513.91022 | T34: 658 | U34: 577 | V34: 624 | W34: 615 | X34: 504 | Y34: 643 | Z34: 570 | AA34: 666 | AB34: 676 | AC34: 0.350566 | AD34: 0.463947 | AE34: 0.627377 | AF34: 0.3122118 | AG34: 0.26856713 | AH34: 0.85588524 | AI34: 0.67514977
A35: 146 | B35: 215 | C35: oceanidfund | D35: 46111.064 | E35: 5 | F35: Apple Search Ads | G35: ASA | H35: 1 | I35: =VLOOKUP(A35,[1]模型分!$A:$T,20,FALSE) -> 555 | J35: 0.41421152 | K35: 0.36999388 | L35: 0.78544614 | M35: 0.67656439 | N35: 0.517462 | O35: 0.461693 | P35: 0.691105 | Q35: 0.495861 | R35: 0.416708 | S35: 519.36539 | T35: 644 | U35: 548 | V35: 607 | W35: 600 | X35: 526 | Y35: 547 | Z35: 566 | AA35: 629 | AB35: 619 | AC35: 0.461693 | AD35: 0.416708 | AE35: 0.517462 | AF35: 0.41421152 | AG35: 0.36999388 | AH35: 0.78544614 | AI35: 0.67656439
A36: 153 | B36: 226 | C36: oceanidfund | D36: 46111.198 | E36: 6 | F36: Apple Search Ads | G36: ASA | H36: 0 | I36: =VLOOKUP(A36,[1]模型分!$A:$T,20,FALSE) -> 876 | J36: 0.46701893 | K36: 0.29781338 | L36: 0.84222126 | M36: 0.67642279 | N36: 0.506259 | O36: 0.525764 | P36: 0.687676 | Q36: 0.522819 | R36: 0.340748 | S36: 560.41012 | T36: 499 | U36: 728 | V36: 660 | W36: 569 | X36: 591 | Y36: 650 | Z36: 565 | AA36: 678 | AB36: 678 | AC36: 0.525764 | AD36: 0.340748 | AE36: 0.506259 | AF36: 0.46701893 | AG36: 0.29781338 | AH36: 0.84222126 | AI36: 0.67642279
A37: 155 | B37: 220 | C37: topbetpeso | D37: 46064.367 | E37: 0 | F37: Apple Search Ads | G37: ASA | H37: 1 | I37: =VLOOKUP(A37,[1]模型分!$A:$T,20,FALSE) -> 582 | J37: 0.5587405 | K37: 0.40502944 | L37: 0.86616627 | M37: 0.67728385 | N37: 0.579191 | O37: 0.365622 | P37: 0.708232 | Q37: 0.451569 | R37: 0.459685 | S37: 525.87856
A38: 159 | B38: 234 | C38: oceanidfund | D38: 46111.268 | E38: 4 | F38: Apple Search Ads | G38: ASA | H38: 1 | I38: =VLOOKUP(A38,[1]模型分!$A:$T,20,FALSE) -> 694 | J38: -999 | K38: -999 | L38: 0.76987973 | M38: 0.67671704 | N38: 0.56898 | O38: 0.4503 | P38: 0.648569 | Q38: 0.441743 | R38: 0.403647 | S38: 572.14513 | T38: -1 | U38: -1 | V38: -1 | W38: -1 | X38: -1 | Y38: -1 | Z38: -1 | AA38: -1 | AB38: -1 | AC38: 0.4503 | AD38: 0.403647 | AE38: 0.56898 | AF38: -999 | AG38: -999 | AH38: 0.76987973 | AI38: 0.67671704
A39: 160 | B39: 169 | C39: oceanidfund | D39: 46111.27 | E39: 9 | F39: Apple Search Ads | G39: ASA | H39: 1 | I39: =VLOOKUP(A39,[1]模型分!$A:$T,20,FALSE) -> 769 | J39: 0.41071699 | K39: 0.31886065 | L39: 0.80685707 | M39: 0.67656439 | N39: 0.583965 | O39: 0.449177 | P39: 0.649023 | Q39: 0.513402 | R39: 0.535209 | S39: 574.0768 | T39: 677 | U39: 634 | V39: 623 | W39: 620 | X39: 586 | Y39: 560 | Z39: 583 | AA39: 664 | AB39: 662 | AC39: 0.449177 | AD39: 0.535209 | AE39: 0.583965 | AF39: 0.41071699 | AG39: 0.31886065 | AH39: 0.80685707 | AI39: 0.67656439
A40: 161 | B40: 219 | C40: topbetpeso | D40: 46064.37 | E40: 9 | F40: Apple Search Ads | G40: ASA | H40: 1 | I40: =VLOOKUP(A40,[1]模型分!$A:$T,20,FALSE) -> 694 | J40: 0.82618441 | K40: 0.81762675 | L40: 0.77522844 | M40: 0.79186649 | N40: 0.591148 | O40: 0.444931 | P40: 0.597384 | Q40: 0.336376 | R40: 0.457272 | S40: 503.45017
A41: 162 | B41: 223 | C41: topbetpeso | D41: 46064.37 | E41: 3 | F41: Apple Search Ads | G41: ASA | H41: 1 | I41: =VLOOKUP(A41,[1]模型分!$A:$T,20,FALSE) -> 580 | J41: 0.5612351 | K41: 0.69468154 | L41: 0.88961883 | M41: 0.67656439 | N41: 0.61307 | O41: 0.553876 | P41: 0.735608 | Q41: 0.568406 | R41: 0.523078 | S41: 503.32843
A42: 166 | B42: 242 | C42: oceanidfund | D42: 46111.309 | E42: 2 | F42: Apple Search Ads | G42: ASA | H42: 1 | I42: =VLOOKUP(A42,[1]模型分!$A:$T,20,FALSE) -> 574 | J42: 0.58628293 | K42: 0.49979618 | L42: 0.81545111 | M42: 0.70035266 | N42: 0.492443 | O42: 0.459546 | P42: 0.596158 | Q42: 0.469547 | R42: 0.298435 | S42: 552.18686 | T42: 482 | U42: 653 | V42: 594 | W42: 542 | X42: 627 | Y42: 666 | Z42: 511 | AA42: 568 | AB42: 571 | AC42: 0.459546 | AD42: 0.298435 | AE42: 0.492443 | AF42: 0.58628293 | AG42: 0.49979618 | AH42: 0.81545111 | AI42: 0.70035266
A43: 175 | B43: 120 | C43: oceanidfund | D43: 46111.372 | E43: 0 | F43: Apple Search Ads | G43: ASA | H43: 1 | I43: =VLOOKUP(A43,[1]模型分!$A:$T,20,FALSE) -> 549 | J43: 0.42872341 | K43: 0.36999388 | L43: 0.86213946 | M43: 0.67671704 | N43: 0.587681 | O43: 0.49956 | P43: 0.586918 | Q43: 0.443417 | R43: 0.475894 | S43: 540.80068 | T43: 647 | U43: 518 | V43: 599 | W43: 604 | X43: 515 | Y43: 544 | Z43: 569 | AA43: 629 | AB43: 632 | AC43: 0.49956 | AD43: 0.475894 | AE43: 0.587681 | AF43: 0.42872341 | AG43: 0.36999388 | AH43: 0.86213946 | AI43: 0.67671704
A44: 176 | B44: 210 | C44: topbetpeso | D44: 46064.377 | E44: 0 | F44: Apple Search Ads | G44: ASA | H44: 1 | I44: =VLOOKUP(A44,[1]模型分!$A:$T,20,FALSE) -> 582 | J44: 0.75461426 | K44: 0.77004409 | L44: 0.90111981 | M44: 0.6989958 | N44: 0.555547 | O44: 0.444255 | P44: 0.73458 | Q44: 0.509014 | R44: 0.479974 | S44: 528.91917
A45: 181 | B45: 259 | C45: oceanidfund | D45: 46111.397 | E45: 9 | F45: Apple Search Ads | G45: ASA | H45: 0 | I45: =VLOOKUP(A45,[1]模型分!$A:$T,20,FALSE) -> 0 | J45: 0.41525351 | K45: 0.24095944 | L45: 0.84045859 | M45: 0.67728385 | N45: 0.53875 | O45: 0.330734 | P45: 0.636382 | Q45: 0.36158 | R45: 0.426478 | S45: 584.22773 | T45: 687 | U45: 743 | V45: 663 | W45: 627 | X45: 591 | Y45: 539 | Z45: 586 | AA45: 709 | AB45: 737 | AC45: 0.330734 | AD45: 0.426478 | AE45: 0.53875 | AF45: 0.41525351 | AG45: 0.24095944 | AH45: 0.84045859 | AI45: 0.67728385
A46: 189 | B46: 238 | C46: oceanidfund | D46: 46111.466 | E46: 8 | F46: Apple Search Ads | G46: ASA | H46: 1 | I46: =VLOOKUP(A46,[1]模型分!$A:$T,20,FALSE) -> 716 | J46: 0.24641567 | K46: 0.22585426 | L46: 0.81341207 | M46: 0.67728385 | N46: 0.548071 | O46: 0.349747 | P46: 0.625695 | Q46: 0.403285 | R46: 0.291538 | S46: 605.37294 | T46: 700 | U46: 715 | V46: 702 | W46: 698 | X46: 557 | Y46: 540 | Z46: 585 | AA46: 725 | AB46: 756 | AC46: 0.349747 | AD46: 0.291538 | AE46: 0.548071 | AF46: 0.24641567 | AG46: 0.22585426 | AH46: 0.81341207 | AI46: 0.67728385
A47: 190 | B47: 263 | C47: topbetpeso | D47: 46064.385 | E47: 3 | F47: Apple Search Ads | G47: ASA | H47: 1 | I47: =VLOOKUP(A47,[1]模型分!$A:$T,20,FALSE) -> 0 | J47: 0.553777 | K47: 0.41972635 | L47: 0.85805747 | M47: 0.67642279 | N47: 0.723863 | O47: 0.433728 | P47: 0.75671 | Q47: 0.490632 | R47: 0.548006 | S47: 478.68884
A48: 193 | B48: 278 | C48: oceanidfund | D48: 46111.512 | E48: 8 | F48: Apple Search Ads | G48: ASA | H48: 1 | I48: =VLOOKUP(A48,[1]模型分!$A:$T,20,FALSE) -> 349 | J48: 0.38232261 | K48: 0.24699731 | L48: 0.82873955 | M48: 0.67656439 | N48: 0.596022 | O48: 0.517636 | P48: 0.706776 | Q48: 0.438459 | R48: 0.451596 | S48: 551.1754 | T48: 560 | U48: 633 | V48: 656 | W48: 556 | X48: 517 | Y48: 601 | Z48: 540 | AA48: 714 | AB48: 735 | AC48: 0.517636 | AD48: 0.451596 | AE48: 0.596022 | AF48: 0.38232261 | AG48: 0.24699731 | AH48: 0.82873955 | AI48: 0.67656439
A49: 196 | B49: 281 | C49: oceanidfund | D49: 46111.537 | E49: 1 | F49: Apple Search Ads | G49: ASA | H49: 1 | I49: =VLOOKUP(A49,[1]模型分!$A:$T,20,FALSE) -> 709 | J49: 0.47966147 | K49: 0.63806236 | L49: 0.79992721 | M49: 0.67514977 | N49: 0.526542 | O49: 0.676472 | P49: 0.640024 | Q49: 0.582488 | R49: 0.39799 | S49: 572.27859 | T49: 450 | U49: 471 | V49: 534 | W49: 525 | X49: 439 | Y49: 461 | Z49: 513 | AA49: 585 | AB49: 604 | AC49: 0.676472 | AD49: 0.39799 | AE49: 0.526542 | AF49: 0.47966147 | AG49: 0.63806236 | AH49: 0.79992721 | AI49: 0.67514977
A50: 199 | B50: 286 | C50: oceanidfund | D50: 46111.584 | E50: 6 | F50: Apple Search Ads | G50: ASA | H50: 1 | I50: =VLOOKUP(A50,[1]模型分!$A:$T,20,FALSE) -> 580 | J50: 0.75671036 | K50: 0.81166744 | L50: 0.81085343 | M50: 0.67656439 | N50: 0.579723 | O50: 0.380459 | P50: 0.605418 | Q50: 0.455757 | R50: 0.45632 | S50: 513.66883 | T50: 442 | U50: 580 | V50: 571 | W50: 509 | X50: 497 | Y50: 456 | Z50: 407 | AA50: 529 | AB50: 534 | AC50: 0.380459 | AD50: 0.45632 | AE50: 0.579723 | AF50: 0.75671036 | AG50: 0.81166744 | AH50: 0.81085343 | AI50: 0.67656439
A51: 221 | B51: 318 | C51: oceanidfund | D51: 46111.822 | E51: 8 | F51: Apple Search Ads | G51: ASA | H51: 1 | I51: =VLOOKUP(A51,[1]模型分!$A:$T,20,FALSE) -> 689 | J51: -999 | K51: -999 | L51: 0.85751905 | M51: 0.67514977 | N51: 0.590937 | O51: 0.457454 | P51: 0.791342 | Q51: 0.546525 | R51: 0.562386 | S51: 534.36676 | T51: -1 | U51: -1 | V51: -1 | W51: -1 | X51: -1 | Y51: -1 | Z51: -1 | AA51: -1 | AB51: -1 | AC51: 0.457454 | AD51: 0.562386 | AE51: 0.590937 | AF51: -999 | AG51: -999 | AH51: 0.85751905 | AI51: 0.67514977
A52: 222 | B52: 324 | C52: oceanidfund | D52: 46111.841 | E52: 4 | F52: Apple Search Ads | G52: ASA | H52: 1 | I52: =VLOOKUP(A52,[1]模型分!$A:$T,20,FALSE) -> 0 | J52: 0.72564537 | K52: 0.77959306 | L52: 0.75246752 | M52: 0.67656439 | N52: 0.662455 | O52: 0.443694 | P52: 0.64723 | Q52: 0.441743 | R52: 0.559487 | S52: 489.6972 | T52: 432 | U52: 650 | V52: 569 | W52: 479 | X52: 431 | Y52: 510 | Z52: 405 | AA52: 512 | AB52: 560 | AC52: 0.443694 | AD52: 0.559487 | AE52: 0.662455 | AF52: 0.72564537 | AG52: 0.77959306 | AH52: 0.75246752 | AI52: 0.67656439
A53: 228 | B53: 327 | C53: oceanidfund | D53: 46111.86 | E53: 7 | F53: Apple Search Ads | G53: ASA | H53: 1 | I53: =VLOOKUP(A53,[1]模型分!$A:$T,20,FALSE) -> 633 | J53: 0.6028811 | K53: 0.48661908 | L53: 0.84545772 | M53: 0.67671704 | N53: 0.601181 | O53: 0.445728 | P53: 0.52389 | Q53: 0.303775 | R53: 0.390906 | S53: 556.63301 | T53: 637 | U53: 536 | V53: 616 | W53: 595 | X53: 542 | Y53: 626 | Z53: 519 | AA53: 613 | AB53: 692 | AC53: 0.445728 | AD53: 0.390906 | AE53: 0.601181 | AF53: 0.6028811 | AG53: 0.48661908 | AH53: 0.84545772 | AI53: 0.67671704
A54: 229 | B54: 320 | C54: oceanidfund | D54: 46111.873 | E54: 0 | F54: Apple Search Ads | G54: ASA | H54: 1 | I54: =VLOOKUP(A54,[1]模型分!$A:$T,20,FALSE) -> 420 | J54: 0.55835232 | K54: 0.56279876 | L54: 0.82715247 | M54: 0.67514977 | N54: 0.688301 | O54: 0.3593 | P54: 0.554198 | Q54: 0.400988 | R54: 0.526085 | S54: 543.1968 | T54: 430 | U54: 435 | V54: 530 | W54: 456 | X54: 479 | Y54: 461 | Z54: 429 | AA54: 442 | AB54: 423 | AC54: 0.3593 | AD54: 0.526085 | AE54: 0.688301 | AF54: 0.55835232 | AG54: 0.56279876 | AH54: 0.82715247 | AI54: 0.67514977
A55: 231 | B55: 330 | C55: oceanidfund | D55: 46111.887 | E55: 0 | F55: Apple Search Ads | G55: ASA | H55: 0 | I55: =VLOOKUP(A55,[1]模型分!$A:$T,20,FALSE) -> 807 | J55: 0.553777 | K55: 0.42270677 | L55: 0.86913206 | M55: 0.67671704 | N55: 0.477189 | O55: 0.449249 | P55: 0.615161 | Q55: 0.467462 | R55: 0.270492 | S55: 554.90055 | T55: 432 | U55: 514 | V55: 581 | W55: 471 | X55: 444 | Y55: 532 | Z55: 422 | AA55: 464 | AB55: 445 | AC55: 0.449249 | AD55: 0.270492 | AE55: 0.477189 | AF55: 0.553777 | AG55: 0.42270677 | AH55: 0.86913206 | AI55: 0.67671704
A56: 245 | B56: 344 | C56: oceanidfund | D56: 46111.925 | E56: 4 | F56: Apple Search Ads | G56: ASA | H56: 1 | I56: =VLOOKUP(A56,[1]模型分!$A:$T,20,FALSE) -> 0 | J56: 0.75477361 | K56: 0.80539445 | L56: 0.81567482 | M56: 0.67642279 | N56: 0.615304 | O56: 0.657299 | P56: 0.739437 | Q56: 0.542145 | R56: 0.45115 | S56: 517.19832 | T56: 447 | U56: 552 | V56: 527 | W56: 510 | X56: 410 | Y56: 432 | Z56: 398 | AA56: 444 | AB56: 393 | AC56: 0.657299 | AD56: 0.45115 | AE56: 0.615304 | AF56: 0.75477361 | AG56: 0.80539445 | AH56: 0.81567482 | AI56: 0.67642279
A57: 250 | B57: 351 | C57: oceanidfund | D57: 46112.123 | E57: 1 | F57: Apple Search Ads | G57: ASA | H57: 1 | I57: =VLOOKUP(A57,[1]模型分!$A:$T,20,FALSE) -> 582 | J57: 0.55835232 | K57: 0.63176877 | L57: 0.8110979 | M57: 0.67514977 | N57: 0.654159 | O57: 0.458589 | P57: 0.572006 | Q57: 0.423603 | R57: 0.535901 | S57: 547.5895 | T57: 431 | U57: 495 | V57: 555 | W57: 465 | X57: 459 | Y57: 493 | Z57: 417 | AA57: 456 | AB57: 431 | AC57: 0.458589 | AD57: 0.535901 | AE57: 0.654159 | AF57: 0.55835232 | AG57: 0.63176877 | AH57: 0.8110979 | AI57: 0.67514977
A58: 253 | B58: 357 | C58: oceanidfund | D58: 46112.222 | E58: 7 | F58: Apple Search Ads | G58: ASA | H58: 1 | I58: =VLOOKUP(A58,[1]模型分!$A:$T,20,FALSE) -> 0 | J58: -999 | K58: -999 | L58: 0.86838186 | M58: 0.67728385 | N58: 0.641394 | O58: 0.579989 | P58: 0.709238 | Q58: 0.453078 | R58: 0.523095 | S58: 523.08599 | T58: -1 | U58: -1 | V58: -1 | W58: -1 | X58: -1 | Y58: -1 | Z58: -1 | AA58: -1 | AB58: -1 | AC58: 0.579989 | AD58: 0.523095 | AE58: 0.641394 | AF58: -999 | AG58: -999 | AH58: 0.86838186 | AI58: 0.67728385
A59: 254 | B59: 356 | C59: oceanidfund | D59: 46112.222 | E59: 6 | F59: Apple Search Ads | G59: ASA | H59: 0 | I59: =VLOOKUP(A59,[1]模型分!$A:$T,20,FALSE) -> 652 | J59: 0.31113154 | K59: 0.36185995 | L59: 0.71387719 | M59: 0.67537235 | N59: 0.460186 | O59: 0.308273 | P59: 0.646984 | Q59: 0.453775 | R59: 0.34903 | S59: 623.06678 | T59: 453 | U59: 561 | V59: 585 | W59: 543 | X59: 482 | Y59: 599 | Z59: 504 | AA59: 550 | AB59: 544 | AC59: 0.308273 | AD59: 0.34903 | AE59: 0.460186 | AF59: 0.31113154 | AG59: 0.36185995 | AH59: 0.71387719 | AI59: 0.67537235
A60: 255 | B60: 360 | C60: oceanidfund | D60: 46112.254 | E60: 0 | F60: Apple Search Ads | G60: ASA | H60: 1 | I60: =VLOOKUP(A60,[1]模型分!$A:$T,20,FALSE) -> 664 | J60: 0.71901698 | K60: 0.49957357 | L60: 0.8545586 | M60: 0.67707045 | N60: 0.639178 | O60: 0.581563 | P60: 0.60362 | Q60: 0.44141 | R60: 0.460316 | S60: 552.13355 | T60: 623 | U60: 514 | V60: 593 | W60: 577 | X60: 560 | Y60: 583 | Z60: 488 | AA60: 545 | AB60: 534 | AC60: 0.581563 | AD60: 0.460316 | AE60: 0.639178 | AF60: 0.71901698 | AG60: 0.49957357 | AH60: 0.8545586 | AI60: 0.67707045
A61: 256 | B61: 336 | C61: topbetpeso | D61: 46064.458 | E61: 6 | F61: Apple Search Ads | G61: ASA | H61: 1 | I61: =VLOOKUP(A61,[1]模型分!$A:$T,20,FALSE) -> 582 | J61: 0.75375028 | K61: 0.73327025 | L61: 0.85749355 | M61: 0.67671704 | N61: 0.715245 | O61: 0.481149 | P61: 0.628689 | Q61: 0.475211 | R61: 0.472019 | S61: 463.70043
A62: 266 | B62: 325 | C62: topbetpeso | D62: 46064.467 | E62: 5 | F62: Apple Search Ads | G62: ASA | H62: 1 | I62: =VLOOKUP(A62,[1]模型分!$A:$T,20,FALSE) -> 0 | J62: 0.75461426 | K62: 0.78982569 | L62: 0.82858539 | M62: 0.67604285 | N62: 0.70586 | O62: 0.338883 | P62: 0.73519 | Q62: 0.457233 | R62: 0.505611 | S62: 533.84734
A63: 267 | B63: 372 | C63: oceanidfund | D63: 46112.38 | E63: 2 | F63: Apple Search Ads | G63: ASA | H63: 1 | I63: =VLOOKUP(A63,[1]模型分!$A:$T,20,FALSE) -> 0 | J63: -999 | K63: -999 | L63: 0.77153579 | M63: 0.67514977 | N63: 0.70972 | O63: 0.546746 | P63: 0.690824 | Q63: 0.50953 | R63: 0.508075 | S63: 504.91165 | T63: -1 | U63: -1 | V63: -1 | W63: -1 | X63: -1 | Y63: -1 | Z63: -1 | AA63: -1 | AB63: -1 | AC63: 0.546746 | AD63: 0.508075 | AE63: 0.70972 | AF63: -999 | AG63: -999 | AH63: 0.77153579 | AI63: 0.67514977
A64: 268 | B64: 274 | C64: topbetpeso | D64: 46064.474 | E64: 4 | F64: Apple Search Ads | G64: ASA | H64: 1 | I64: =VLOOKUP(A64,[1]模型分!$A:$T,20,FALSE) -> 660 | J64: 0.72499796 | K64: 0.68846478 | L64: 0.82345345 | M64: 0.67537235 | N64: 0.63866 | O64: 0.428508 | P64: 0.707431 | Q64: 0.472639 | R64: 0.449385 | S64: 542.28791
A65: 273 | B65: 380 | C65: oceanidfund | D65: 46112.429 | E65: 0 | F65: Apple Search Ads | G65: ASA | H65: 1 | I65: =VLOOKUP(A65,[1]模型分!$A:$T,20,FALSE) -> 660 | J65: 0.52011233 | K65: 0.50302193 | L65: 0.73205574 | M65: 0.67604285 | N65: 0.667383 | O65: 0.255595 | P65: 0.637058 | Q65: 0.424506 | R65: 0.507492 | S65: 546.16681 | T65: 432 | U65: 605 | V65: 626 | W65: 465 | X65: 453 | Y65: 516 | Z65: 411 | AA65: 456 | AB65: 491 | AC65: 0.255595 | AD65: 0.507492 | AE65: 0.667383 | AF65: 0.52011233 | AG65: 0.50302193 | AH65: 0.73205574 | AI65: 0.67604285
A66: 276 | B66: 382 | C66: oceanidfund | D66: 46112.448 | E66: 2 | F66: Apple Search Ads | G66: ASA | H66: 1 | I66: =VLOOKUP(A66,[1]模型分!$A:$T,20,FALSE) -> 532 | J66: 0.79493625 | K66: 0.71528041 | L66: 0.86125054 | M66: 0.67707045 | N66: 0.552797 | O66: 0.557945 | P66: 0.710067 | Q66: 0.533833 | R66: 0.401339 | S66: 548.34397 | T66: 549 | U66: 477 | V66: 517 | W66: 506 | X66: 498 | Y66: 470 | Z66: 516 | AA66: 633 | AB66: 604 | AC66: 0.557945 | AD66: 0.401339 | AE66: 0.552797 | AF66: 0.79493625 | AG66: 0.71528041 | AH66: 0.86125054 | AI66: 0.67707045
A67: 278 | B67: 386 | C67: oceanidfund | D67: 46112.502 | E67: 6 | F67: Apple Search Ads | G67: ASA | H67: 1 | I67: =VLOOKUP(A67,[1]模型分!$A:$T,20,FALSE) -> 0 | J67: 0.079345321 | K67: 0.24205753 | L67: 0.83412467 | M67: 0.67604285 | N67: 0.547792 | O67: 0.197994 | P67: 0.568451 | Q67: 0.360094 | R67: 0.381686 | S67: 568.11056 | T67: 528 | U67: 639 | V67: 637 | W67: 568 | X67: 492 | Y67: 617 | Z67: 528 | AA67: 723 | AB67: 764 | AC67: 0.197994 | AD67: 0.381686 | AE67: 0.547792 | AF67: 0.079345321 | AG67: 0.24205753 | AH67: 0.83412467 | AI67: 0.67604285
A68: 280 | B68: 363 | C68: topbetpeso | D68: 46064.512 | E68: 3 | F68: Apple Search Ads | G68: ASA | H68: 1 | I68: =VLOOKUP(A68,[1]模型分!$A:$T,20,FALSE) -> 568 | J68: 0.8797172 | K68: 0.82232278 | L68: 0.88265336 | M68: 0.70104258 | N68: 0.549553 | O68: 0.484382 | P68: 0.658239 | Q68: 0.471436 | R68: 0.484587 | S68: 532.47645
A69: 281 | B69: 390 | C69: oceanidfund | D69: 46112.517 | E69: 0 | F69: Apple Search Ads | G69: ASA | H69: 0 | I69: =VLOOKUP(A69,[1]模型分!$A:$T,20,FALSE) -> 910 | J69: 0.43910217 | K69: 0.67872745 | L69: 0.79918005 | M69: 0.67642279 | N69: 0.500373 | O69: 0.408574 | P69: 0.635031 | Q69: 0.41501 | R69: 0.397933 | S69: 546.2533 | T69: 461 | U69: 578 | V69: 506 | W69: 518 | X69: 493 | Y69: 524 | Z69: 528 | AA69: 633 | AB69: 649 | AC69: 0.408574 | AD69: 0.397933 | AE69: 0.500373 | AF69: 0.43910217 | AG69: 0.67872745 | AH69: 0.79918005 | AI69: 0.67642279
A70: 292 | B70: 402 | C70: oceanidfund | D70: 46112.657 | E70: 2 | F70: Apple Search Ads | G70: ASA | H70: 1 | I70: =VLOOKUP(A70,[1]模型分!$A:$T,20,FALSE) -> 708 | J70: 0.553777 | K70: 0.42270677 | L70: 0.89286635 | M70: 0.67537235 | N70: 0.580129 | O70: 0.504912 | P70: 0.635031 | Q70: 0.526612 | R70: 0.492817 | S70: 515.03909 | T70: 432 | U70: 496 | V70: 566 | W70: 471 | X70: 452 | Y70: 521 | Z70: 429 | AA70: 464 | AB70: 445 | AC70: 0.504912 | AD70: 0.492817 | AE70: 0.580129 | AF70: 0.553777 | AG70: 0.42270677 | AH70: 0.89286635 | AI70: 0.67537235
A71: 293 | B71: 400 | C71: oceanidfund | D71: 46112.662 | E71: 0 | F71: Apple Search Ads | G71: ASA | H71: 1 | I71: =VLOOKUP(A71,[1]模型分!$A:$T,20,FALSE) -> 0 | J71: 0.55956849 | K71: 0.4685975 | L71: 0.80364468 | M71: 0.67514977 | N71: 0.554814 | O71: 0.379023 | P71: 0.685281 | Q71: 0.497386 | R71: 0.384108 | S71: 577.13709 | T71: 446 | U71: 573 | V71: 591 | W71: 527 | X71: 453 | Y71: 527 | Z71: 432 | AA71: 487 | AB71: 489 | AC71: 0.379023 | AD71: 0.384108 | AE71: 0.554814 | AF71: 0.55956849 | AG71: 0.4685975 | AH71: 0.80364468 | AI71: 0.67514977
A72: 299 | B72: 409 | C72: oceanidfund | D72: 46112.719 | E72: 9 | F72: Apple Search Ads | G72: ASA | H72: 0 | I72: =VLOOKUP(A72,[1]模型分!$A:$T,20,FALSE) -> 750 | J72: -999 | K72: -999 | L72: 0.88077353 | M72: 0.67707045 | N72: 0.452978 | O72: 0.394092 | P72: 0.629425 | Q72: 0.448021 | R72: 0.265548 | S72: 595.01009 | T72: -1 | U72: -1 | V72: -1 | W72: -1 | X72: -1 | Y72: -1 | Z72: -1 | AA72: -1 | AB72: -1 | AC72: 0.394092 | AD72: 0.265548 | AE72: 0.452978 | AF72: -999 | AG72: -999 | AH72: 0.88077353 | AI72: 0.67707045
A73: 300 | B73: 411 | C73: oceanidfund | D73: 46112.727 | E73: 1 | F73: Apple Search Ads | G73: ASA | H73: 0 | I73: =VLOOKUP(A73,[1]模型分!$A:$T,20,FALSE) -> 660 | J73: 0.75260189 | K73: 0.70222495 | L73: 0.82249962 | M73: 0.67642279 | N73: 0.701585 | O73: 0.387299 | P73: 0.488871 | Q73: 0.44002 | R73: 0.567728 | S73: 494.9081 | T73: 501 | U73: 526 | V73: 579 | W73: 521 | X73: 500 | Y73: 588 | Z73: 400 | AA73: 504 | AB73: 476 | AC73: 0.387299 | AD73: 0.567728 | AE73: 0.701585 | AF73: 0.75260189 | AG73: 0.70222495 | AH73: 0.82249962 | AI73: 0.67642279
A74: 303 | B74: 385 | C74: topbetpeso | D74: 46064.558 | E74: 5 | F74: Apple Search Ads | G74: ASA | H74: 1 | I74: =VLOOKUP(A74,[1]模型分!$A:$T,20,FALSE) -> 654 | J74: 0.63966288 | K74: 0.62213333 | L74: 0.85498235 | M74: 0.67656439 | N74: 0.556025 | O74: 0.349081 | P74: 0.773292 | Q74: 0.513521 | R74: 0.474625 | S74: 533.92114
A75: 304 | B75: 416 | C75: oceanidfund | D75: 46112.789 | E75: 6 | F75: Apple Search Ads | G75: ASA | H75: 1 | I75: =VLOOKUP(A75,[1]模型分!$A:$T,20,FALSE) -> 857 | J75: 0.33323625 | K75: 0.28417684 | L75: 0.73151628 | M75: 0.79279978 | N75: 0.638959 | O75: 0.672944 | P75: 0.758861 | Q75: 0.533141 | R75: 0.546462 | S75: 544.51782 | T75: 683 | U75: 592 | V75: 623 | W75: 622 | X75: 597 | Y75: 556 | Z75: 582 | AA75: 639 | AB75: 632 | AC75: 0.672944 | AD75: 0.546462 | AE75: 0.638959 | AF75: 0.33323625 | AG75: 0.28417684 | AH75: 0.73151628 | AI75: 0.79279978
A76: 308 | B76: 423 | C76: oceanidfund | D76: 46112.812 | E76: 3 | F76: Apple Search Ads | G76: ASA | H76: 0 | I76: =VLOOKUP(A76,[1]模型分!$A:$T,20,FALSE) -> 581 | J76: 0.62107567 | K76: 0.52796546 | L76: 0.86709333 | M76: 0.67656439 | N76: 0.674665 | O76: 0.461412 | P76: 0.666381 | Q76: 0.5149 | R76: 0.491586 | S76: 505.87031 | T76: 432 | U76: 473 | V76: 553 | W76: 468 | X76: 459 | Y76: 486 | Z76: 429 | AA76: 463 | AB76: 440 | AC76: 0.461412 | AD76: 0.491586 | AE76: 0.674665 | AF76: 0.62107567 | AG76: 0.52796546 | AH76: 0.86709333 | AI76: 0.67656439
A77: 309 | B77: 422 | C77: oceanidfund | D77: 46112.814 | E77: 2 | F77: Apple Search Ads | G77: ASA | H77: 1 | I77: =VLOOKUP(A77,[1]模型分!$A:$T,20,FALSE) -> 0 | J77: 0.51170935 | K77: 0.419072 | L77: 0.75347028 | M77: 0.67514977 | N77: 0.463095 | O77: 0.436744 | P77: 0.6379 | Q77: 0.386926 | R77: 0.320353 | S77: 605.18465 | T77: 432 | U77: 670 | V77: 693 | W77: 473 | X77: 444 | Y77: 517 | Z77: 416 | AA77: 465 | AB77: 501 | AC77: 0.436744 | AD77: 0.320353 | AE77: 0.463095 | AF77: 0.51170935 | AG77: 0.419072 | AH77: 0.75347028 | AI77: 0.67514977
A78: 319 | B78: 430 | C78: oceanidfund | D78: 46113.006 | E78: 0 | F78: Apple Search Ads | G78: ASA | H78: 1 | I78: =VLOOKUP(A78,[1]模型分!$A:$T,20,FALSE) -> 825 | J78: 0.34391427 | K78: 0.25459496 | L78: 0.84414072 | M78: 0.67671704 | N78: 0.674195 | O78: 0.564773 | P78: 0.770333 | Q78: 0.632943 | R78: 0.567384 | S78: 542.52964 | T78: 655 | U78: 665 | V78: 622 | W78: 612 | X78: 605 | Y78: 641 | Z78: 572 | AA78: 681 | AB78: 703 | AC78: 0.564773 | AD78: 0.567384 | AE78: 0.674195 | AF78: 0.34391427 | AG78: 0.25459496 | AH78: 0.84414072 | AI78: 0.67671704
A79: 322 | B79: 405 | C79: topbetpeso | D79: 46064.63 | E79: 5 | F79: Apple Search Ads | G79: ASA | H79: 1 | I79: =VLOOKUP(A79,[1]模型分!$A:$T,20,FALSE) -> 430 | J79: 0.4546789 | K79: 0.51307319 | L79: 0.80560608 | M79: 0.67604285 | N79: 0.398005 | O79: 0.344982 | P79: 0.580565 | Q79: 0.46281 | R79: 0.320808 | S79: 565.05265
A80: 323 | B80: 353 | C80: oceanidfund | D80: 46113.072 | E80: 3 | F80: Apple Search Ads | G80: ASA | H80: 1 | I80: =VLOOKUP(A80,[1]模型分!$A:$T,20,FALSE) -> 0 | J80: 0.54453061 | K80: 0.22327766 | L80: 0.79479977 | M80: 0.67514977 | N80: 0.646905 | O80: 0.518614 | P80: 0.764684 | Q80: 0.57065 | R80: 0.451641 | S80: 565.82685 | T80: 670 | U80: 550 | V80: 619 | W80: 607 | X80: 489 | Y80: 596 | Z80: 574 | AA80: 602 | AB80: 583 | AC80: 0.518614 | AD80: 0.451641 | AE80: 0.646905 | AF80: 0.54453061 | AG80: 0.22327766 | AH80: 0.79479977 | AI80: 0.67514977
A81: 323 | B81: 408 | C81: topbetpeso | D81: 46064.631 | E81: 8 | F81: Apple Search Ads | G81: ASA | H81: 0 | I81: =VLOOKUP(A81,[1]模型分!$A:$T,20,FALSE) -> 0 | J81: 0.50119383 | K81: 0.29122367 | L81: 0.83598569 | M81: 0.67537235 | N81: 0.457527 | O81: 0.393935 | P81: 0.710134 | Q81: 0.477858 | R81: 0.344078 | S81: 576.75421
A82: 325 | B82: 446 | C82: oceanidfund | D82: 46113.15 | E82: 6 | F82: Apple Search Ads | G82: ASA | H82: 0 | I82: =VLOOKUP(A82,[1]模型分!$A:$T,20,FALSE) -> 676 | J82: 0.75014081 | K82: 0.59499717 | L82: 0.82972414 | M82: 0.67514977 | N82: 0.442646 | O82: 0.366011 | P82: 0.549347 | Q82: 0.362112 | R82: 0.405495 | S82: 559.30977 | T82: 698 | U82: 633 | V82: 675 | W82: 695 | X82: 563 | Y82: 574 | Z82: 538 | AA82: 596 | AB82: 604 | AC82: 0.366011 | AD82: 0.405495 | AE82: 0.442646 | AF82: 0.75014081 | AG82: 0.59499717 | AH82: 0.82972414 | AI82: 0.67514977
A83: 330 | B83: 415 | C83: topbetpeso | D83: 46064.646 | E83: 5 | F83: Apple Search Ads | G83: ASA | H83: 1 | I83: =VLOOKUP(A83,[1]模型分!$A:$T,20,FALSE) -> 549 | J83: 0.553777 | K83: 0.42270677 | L83: 0.87654161 | M83: 0.67642279 | N83: 0.648711 | O83: 0.563047 | P83: 0.626928 | Q83: 0.401817 | R83: 0.551888 | S83: 529.91742
A84: 331 | B84: 452 | C84: oceanidfund | D84: 46113.228 | E84: 2 | F84: Apple Search Ads | G84: ASA | H84: 1 | I84: =VLOOKUP(A84,[1]模型分!$A:$T,20,FALSE) -> 568 | J84: 0.7101918 | K84: 0.53483358 | L84: 0.84656851 | M84: 0.79591782 | N84: 0.715835 | O84: 0.564879 | P84: 0.557015 | Q84: 0.478287 | R84: 0.544179 | S84: 534.24087 | T84: 513 | U84: 671 | V84: 645 | W84: 569 | X84: 543 | Y84: 621 | Z84: 498 | AA84: 689 | AB84: 726 | AC84: 0.564879 | AD84: 0.544179 | AE84: 0.715835 | AF84: 0.7101918 | AG84: 0.53483358 | AH84: 0.84656851 | AI84: 0.79591782
A85: 335 | B85: 457 | C85: oceanidfund | D85: 46113.288 | E85: 7 | F85: Apple Search Ads | G85: ASA | H85: 0 | I85: =VLOOKUP(A85,[1]模型分!$A:$T,20,FALSE) -> 0 | J85: 0.72499796 | K85: 0.68846478 | L85: 0.79440661 | M85: 0.6755208 | N85: 0.654982 | O85: 0.5225 | P85: 0.731604 | Q85: 0.515171 | R85: 0.517271 | S85: 541.84724 | T85: 446 | U85: 549 | V85: 541 | W85: 507 | X85: 346 | Y85: 445 | Z85: 399 | AA85: 457 | AB85: 403 | AC85: 0.5225 | AD85: 0.517271 | AE85: 0.654982 | AF85: 0.72499796 | AG85: 0.68846478 | AH85: 0.79440661 | AI85: 0.6755208
A86: 336 | B86: 419 | C86: topbetpeso | D86: 46064.66 | E86: 9 | F86: Apple Search Ads | G86: ASA | H86: 1 | I86: =VLOOKUP(A86,[1]模型分!$A:$T,20,FALSE) -> 549 | J86: -999 | K86: -999 | L86: 0.86879963 | M86: 0.67671704 | N86: 0.576993 | O86: 0.469989 | P86: 0.741662 | Q86: 0.378956 | R86: 0.349852 | S86: 557.84012
A87: 343 | B87: 427 | C87: topbetpeso | D87: 46064.678 | E87: 7 | F87: Apple Search Ads | G87: ASA | H87: 1 | I87: =VLOOKUP(A87,[1]模型分!$A:$T,20,FALSE) -> 0 | J87: 0.56477157 | K87: 0.54630187 | L87: 0.88057381 | M87: 0.67656439 | N87: 0.70932 | O87: 0.2131 | P87: 0.617022 | Q87: 0.38604 | R87: 0.470815 | S87: 562.98053
A88: 344 | B88: 471 | C88: oceanidfund | D88: 46113.435 | E88: 1 | F88: Apple Search Ads | G88: ASA | H88: 1 | I88: =VLOOKUP(A88,[1]模型分!$A:$T,20,FALSE) -> 0 | J88: 0.4468482 | K88: 0.4306014 | L88: 0.87252549 | M88: 0.69935172 | N88: 0.60958 | O88: 0.466243 | P88: 0.639018 | Q88: 0.4216 | R88: 0.423348 | S88: 523.35338 | T88: 662 | U88: 555 | V88: 556 | W88: 601 | X88: 505 | Y88: 558 | Z88: 576 | AA88: 651 | AB88: 666 | AC88: 0.466243 | AD88: 0.423348 | AE88: 0.60958 | AF88: 0.4468482 | AG88: 0.4306014 | AH88: 0.87252549 | AI88: 0.69935172
A89: 352 | B89: 484 | C89: oceanidfund | D89: 46113.613 | E89: 4 | F89: Apple Search Ads | G89: ASA | H89: 1 | I89: =VLOOKUP(A89,[1]模型分!$A:$T,20,FALSE) -> 582 | J89: 0.31646633 | K89: 0.25599682 | L89: 0.80454326 | M89: 0.67514977 | N89: 0.515282 | O89: 0.396358 | P89: 0.652896 | Q89: 0.503264 | R89: 0.403602 | S89: 600.55617 | T89: 690 | U89: 681 | V89: 638 | W89: 622 | X89: 584 | Y89: 561 | Z89: 582 | AA89: 717 | AB89: 766 | AC89: 0.396358 | AD89: 0.403602 | AE89: 0.515282 | AF89: 0.31646633 | AG89: 0.25599682 | AH89: 0.80454326 | AI89: 0.67514977
A90: 363 | B90: 501 | C90: oceanidfund | D90: 46113.864 | E90: 1 | F90: Apple Search Ads | G90: ASA | H90: 1 | I90: =VLOOKUP(A90,[1]模型分!$A:$T,20,FALSE) -> 584 | J90: 0.75677402 | K90: 0.81803209 | L90: 0.86889448 | M90: 0.79633853 | N90: 0.560562 | O90: 0.564733 | P90: 0.727752 | Q90: 0.515501 | R90: 0.41199 | S90: 538.84469 | T90: 439 | U90: 513 | V90: 507 | W90: 491 | X90: 372 | Y90: 424 | Z90: 398 | AA90: 437 | AB90: 406 | AC90: 0.564733 | AD90: 0.41199 | AE90: 0.560562 | AF90: 0.75677402 | AG90: 0.81803209 | AH90: 0.86889448 | AI90: 0.79633853
A91: 367 | B91: 458 | C91: topbetpeso | D91: 46064.736 | E91: 8 | F91: Apple Search Ads | G91: ASA | H91: 1 | I91: =VLOOKUP(A91,[1]模型分!$A:$T,20,FALSE) -> 389 | J91: 0.68466403 | K91: 0.56079855 | L91: 0.84453807 | M91: 0.67671704 | N91: 0.699146 | O91: 0.434387 | P91: 0.708365 | Q91: 0.395792 | R91: 0.554141 | S91: 519.97283
A92: 370 | B92: 510 | C92: oceanidfund | D92: 46113.995 | E92: 0 | F92: Apple Search Ads | G92: ASA | H92: 0 | I92: =VLOOKUP(A92,[1]模型分!$A:$T,20,FALSE) -> 580 | J92: 0.63285605 | K92: 0.48561814 | L92: 0.82165889 | M92: 0.67642279 | N92: 0.6168 | O92: 0.598732 | P92: 0.838895 | Q92: 0.561905 | R92: 0.551116 | S92: 494.11735 | T92: 380 | U92: 726 | V92: 595 | W92: 545 | X92: 568 | Y92: 598 | Z92: 460 | AA92: 547 | AB92: 587 | AC92: 0.598732 | AD92: 0.551116 | AE92: 0.6168 | AF92: 0.63285605 | AG92: 0.48561814 | AH92: 0.82165889 | AI92: 0.67642279
A93: 371 | B93: 511 | C93: oceanidfund | D93: 46113.995 | E93: 1 | F93: Apple Search Ads | G93: ASA | H93: 1 | I93: =VLOOKUP(A93,[1]模型分!$A:$T,20,FALSE) -> 582 | J93: 0.68526078 | K93: 0.50814425 | L93: 0.86992716 | M93: 0.81244771 | N93: 0.604842 | O93: 0.748362 | P93: 0.640305 | Q93: 0.559396 | R93: 0.514041 | S93: 511.64607 | T93: 375 | U93: 666 | V93: 607 | W93: 570 | X93: 596 | Y93: 601 | Z93: 452 | AA93: 587 | AB93: 629 | AC93: 0.748362 | AD93: 0.514041 | AE93: 0.604842 | AF93: 0.68526078 | AG93: 0.50814425 | AH93: 0.86992716 | AI93: 0.81244771
A94: 378 | B94: 474 | C94: topbetpeso | D94: 46064.786 | E94: 4 | F94: Apple Search Ads | G94: ASA | H94: 1 | I94: =VLOOKUP(A94,[1]模型分!$A:$T,20,FALSE) -> 566 | J94: 0.74177789 | K94: 0.61449597 | L94: 0.8585444 | M94: 0.70035266 | N94: 0.640616 | O94: 0.58415 | P94: 0.720412 | Q94: 0.448378 | R94: 0.52951 | S94: 528.07806
A95: 378 | B95: 519 | C95: oceanidfund | D95: 46114.214 | E95: 9 | F95: Apple Search Ads | G95: ASA | H95: 1 | I95: =VLOOKUP(A95,[1]模型分!$A:$T,20,FALSE) -> 566 | J95: 0.67608207 | K95: 0.70406121 | L95: 0.82359627 | M95: 0.70021685 | N95: 0.511866 | O95: 0.587104 | P95: 0.662153 | Q95: 0.512101 | R95: 0.518665 | S95: 490.02891 | T95: 431 | U95: 490 | V95: 532 | W95: 501 | X95: 483 | Y95: 500 | Z95: 424 | AA95: 561 | AB95: 606 | AC95: 0.587104 | AD95: 0.518665 | AE95: 0.511866 | AF95: 0.67608207 | AG95: 0.70406121 | AH95: 0.82359627 | AI95: 0.70021685
A96: 383 | B96: 482 | C96: topbetpeso | D96: 46064.816 | E96: 2 | F96: Apple Search Ads | G96: ASA | H96: 1 | I96: =VLOOKUP(A96,[1]模型分!$A:$T,20,FALSE) -> 580 | J96: 0.67106398 | K96: 0.82677279 | L96: 0.88591807 | M96: 0.67671704 | N96: 0.609067 | O96: 0.534843 | P96: 0.696055 | Q96: 0.457587 | R96: 0.463806 | S96: 545.66069
A97: 385 | B97: 529 | C97: oceanidfund | D97: 46114.404 | E97: 9 | F97: Apple Search Ads | G97: ASA | H97: 1 | I97: =VLOOKUP(A97,[1]模型分!$A:$T,20,FALSE) -> 582 | J97: 0.57986048 | K97: 0.75708291 | L97: 0.76071247 | M97: 0.79136173 | N97: 0.682618 | O97: 0.442237 | P97: 0.562816 | Q97: 0.408674 | R97: 0.510203 | S97: 555.5002 | T97: 432 | U97: 638 | V97: 536 | W97: 465 | X97: 419 | Y97: 474 | Z97: 409 | AA97: 504 | AB97: 545 | AC97: 0.442237 | AD97: 0.510203 | AE97: 0.682618 | AF97: 0.57986048 | AG97: 0.75708291 | AH97: 0.76071247 | AI97: 0.79136173
A98: 386 | B98: 530 | C98: oceanidfund | D98: 46114.407 | E98: 0 | F98: Apple Search Ads | G98: ASA | H98: 1 | I98: =VLOOKUP(A98,[1]模型分!$A:$T,20,FALSE) -> 585 | J98: 0.5089239 | K98: 0.43463197 | L98: 0.87039703 | M98: 0.67671704 | N98: 0.586325 | O98: 0.539271 | P98: 0.674652 | Q98: 0.55573 | R98: 0.549342 | S98: 509.77669 | T98: 625 | U98: 508 | V98: 594 | W98: 578 | X98: 567 | Y98: 573 | Z98: 538 | AA98: 574 | AB98: 594 | AC98: 0.539271 | AD98: 0.549342 | AE98: 0.586325 | AF98: 0.5089239 | AG98: 0.43463197 | AH98: 0.87039703 | AI98: 0.67671704
A99: 387 | B99: 489 | C99: topbetpeso | D99: 46064.83 | E99: 9 | F99: Apple Search Ads | G99: ASA | H99: 1 | I99: =VLOOKUP(A99,[1]模型分!$A:$T,20,FALSE) -> 588 | J99: 0.67271184 | K99: 0.56388736 | L99: 0.92477805 | M99: 0.67604285 | N99: 0.517528 | O99: 0.47079 | P99: 0.684983 | Q99: 0.428335 | R99: 0.380412 | S99: 510.75624
A100: 388 | B100: 490 | C100: topbetpeso | D100: 46064.83 | E100: 0 | F100: Apple Search Ads | G100: ASA | H100: 1 | I100: =VLOOKUP(A100,[1]模型分!$A:$T,20,FALSE) -> 660 | J100: 0.51004994 | K100: 0.49817757 | L100: 0.89245635 | M100: 0.67728385 | N100: 0.69933 | O100: 0.571364 | P100: 0.549861 | Q100: 0.466582 | R100: 0.553583 | S100: 498.18136
...
